Library Name,Annual Standard Reference Transactions,Annual Reader's Advisory Transactions,Annual Information Communication Technology Transactions,Annual Electronic Reference Transactions,Annual accessible material equipment or device requests,Annual Library Transactions,Annual Circulation of Physical Items,Annual E-Book Downloads / Borrows,Annual E-Audio Book Downloads / Borrows,Annual Music Downloads / Borrows,Annual Video Downloads / Borrows,Annual E-Magazine Downloads / Borrows,Annual Circulation of E-Books and other downloadable Items,Items Borrowed via Inter Library Loan,Items Loaned via Inter Library Loan,Number of People Using Library Computer Workstations,Number of Times Electronic Databases are Accessed,No. of people using Maker Spaces Digital Media labs Self Publishing centres,Annual In-Library Material Use,Library Visits Made in Person,Electronic Visits to the Library Website,Number of People using Wireless,Programs Held Annually,Annual Program Attendance,Service visits provided to residence-bound residents and people-at-risk
Addington Highlands Twp,0,800,0,0,0,7236,6362,322,261,0,946,320,1849,497,0,450,624,1000,250,4150,6396,1650,43,495,0
Admaston/Bromley Twp,50,1050,50,0,50,9407,4857,1903,718,0,0,421,3042,70,0,250,0,0,4250,3250,2652,350,13,234,0
Ajax,150,700,8100,450,800,943675,743279,129372,75558,1946,6307,22836,236019,1069,635,51800,110396,1500,89400,642900,747552,248400,1876,47987,768
Alderville FN,100,0,0,0,0,3659,759,55,3,0,0,0,58,2,0,0,0,0,2800,1000,0,0,37,378,0
Alfred & Plantagenet Twp,1300,0,250,0,0,23065,21265,1434,0,0,0,1369,2803,259,0,500,0,0,0,10150,7124,250,57,659,0
Algonquins of Pikwakanagan FN,0,0,0,0,200,4800,3500,5,0,0,0,0,5,0,0,300,260,0,1000,2600,0,200,5,76,0
Alnwick/Haldimand Twp,1400,1800,100,300,1100,20713,13863,3553,2057,0,0,1182,6792,450,97,1200,0,0,3950,18700,0,8150,219,2392,0
Armstrong Twp,300,0,600,0,300,6972,5772,645,244,0,0,262,1151,68,82,350,0,750,550,8150,0,300,4,295,0
Arnprior,2400,2750,700,1100,0,115069,107889,18468,8287,23,4335,3759,34872,1043,1523,1600,2080,0,1600,96600,44252,19100,614,10466,336
Asphodel-Norwood,100,150,50,0,0,11868,11018,4869,1613,0,0,711,7193,151,203,500,0,0,250,4250,5720,300,333,2983,39
Assiginack Twp,0,250,100,0,0,3692,3142,1246,664,0,0,2063,3973,123,0,350,0,50,200,2050,312,2050,47,406,4
Athens Twp,50,100,50,200,0,6210,5060,2037,893,0,0,359,3289,166,105,250,0,300,650,7500,44044,100,80,606,16
Atikameksheng Anishnawbek Band No. 6 FN,0,0,0,0,0,1550,1300,0,0,0,0,0,0,0,0,250,0,0,0,1000,0,500,0,0,0
Atikokan,400,1250,1200,2100,250,19415,8437,3297,1526,12,661,386,5882,111,423,3000,5928,0,2550,9950,63180,12250,209,2892,36
Augusta Twp,2100,1100,300,650,50,22579,12079,8697,0,0,0,0,8697,127,0,450,0,0,7300,3000,0,0,134,765,0
Aurora,5600,700,2400,550,150,479646,420046,46248,22581,1776,2356,58472,131433,539,830,14050,6240,2300,39400,250700,214292,0,1796,33120,75
Bancroft Town,800,1500,750,1500,750,13654,9854,6579,2808,0,0,1138,10525,130,499,1250,0,0,250,1500,1716,2550,0,0,0
Barrie,3800,2200,6500,2800,2300,1036014,809960,158096,104284,1354,7222,63352,334308,1767,1069,49950,111904,50,107550,511000,411112,84600,2705,60422,1020
Beausoleil First Nation Public Library,500,100,150,0,0,4730,1180,0,0,0,0,0,0,0,0,1300,0,50,1750,3500,0,0,141,715,0
Belleville,3600,1700,5100,750,300,384943,330539,49194,27450,313,5995,9289,92241,1077,1865,12050,24804,0,25250,122500,209040,20000,697,18019,530
Big Grassy FN,150,0,0,0,0,3950,300,0,0,0,0,0,0,0,0,500,0,0,3000,7500,0,3500,1,10,0
Biigtigong Nishnaabeg,0,1250,0,0,0,2100,1800,0,0,0,0,0,0,0,0,300,0,0,0,3250,0,150,0,0,0
Billings Twp,50,200,150,50,0,2497,2047,0,0,0,0,0,0,187,0,300,0,0,50,1350,364,500,1,550,0
Bkejwanong FN,300,0,450,300,150,19055,105,0,0,0,0,0,0,1,1,6050,520,400,12300,8150,104,11000,85,1599,0
Black River-Matheson Twp,0,0,150,0,3800,14441,12441,1715,0,0,0,0,1715,165,68,1550,0,900,450,14800,0,850,94,1114,7
Blind River,8550,3050,650,1900,450,36963,12063,4833,1812,0,0,637,7282,592,205,1950,52,500,12500,14400,17108,4350,51,3051,1
Blue Mountains,2650,1050,1650,250,50,71094,60344,19363,9503,71,612,6878,36427,748,659,6400,4784,100,1450,118000,53560,8000,692,19005,7
Bonfield,300,150,0,0,0,90502,9552,847,646,0,0,542,2035,329,269,850,0,200,79800,5700,1456,750,9,311,0
Bonnechere Union,11100,550,350,1350,200,42898,22998,3964,2319,0,0,963,7246,362,297,3750,0,100,3700,17150,7852,4250,478,3757,24
Bracebridge,850,1600,1900,1150,50,72036,61136,18318,11186,0,0,4883,34387,1017,972,3750,1508,0,5150,27050,530972,5550,644,6242,35
Bradford West Gwillimbury Town,7350,2500,8000,350,0,271528,178084,13750,8815,0,4142,15566,42273,408,531,11050,24544,2600,61200,207550,106444,36900,557,15620,0
Brampton,89850,37350,127100,2450,9450,2892915,2507465,327580,163738,0,39623,273174,804115,1648,1711,100000,76700,2500,193150,1645550,1529112,314900,4917,111207,887
Brant County,29800,11300,5950,1000,2550,502851,246403,32508,11912,12562,1397,2325,60704,1231,2297,4850,24648,50,201000,94800,365716,25000,1952,26069,680
Brantford,10300,1600,7550,550,500,504898,406198,98763,57627,18499,3224,124745,302858,907,1782,30600,24180,400,57250,439950,662428,47600,636,15631,984
Brighton Public Library Board,2950,1750,1950,150,250,93936,63256,17963,7786,0,1422,3870,31041,1097,1025,4400,11180,0,16400,98700,143000,7500,268,3821,0
Britt Area,1350,0,0,2650,0,19623,1823,0,0,0,0,0,0,0,0,1250,1300,0,12500,13050,0,1250,3,64,12
Brock Twp,1350,750,400,200,0,50071,43059,10443,5514,0,977,2969,19903,996,793,2700,2912,0,2550,32550,312208,800,566,4448,6
Brockville,1500,400,2000,500,10250,117028,102478,21018,12345,194,652,3873,38082,2289,1458,7850,2548,0,4700,74700,52416,3900,5586,10426,1307
Bruce County,6750,6000,3750,2150,550,474054,379786,75046,43286,0,8383,34857,161572,3845,2667,9000,53768,0,31600,164400,191100,32200,2197,25477,53
Bruce Mines & Plummer Additional Union,2000,750,150,200,50,15062,5362,1378,667,0,0,70,2115,147,206,1200,0,0,6300,4800,312,2100,94,838,0
Burk's Falls Armour & Ryerson Union,600,600,450,0,0,33188,31838,5023,1782,0,0,256,7061,641,191,600,156,500,150,6700,2184,1100,33,1657,0
Burlington,19000,7200,24850,1250,250,1842430,1301630,243358,148104,3778,45120,91578,531938,501,1635,83350,431600,3350,88950,1106200,1047176,791450,3723,79552,0
Caledon,2850,4350,5550,400,450,415470,292142,50258,33986,1160,11878,11843,109125,501,1265,28700,38428,4050,81650,327700,300716,100700,898,12026,94
Callander,450,1250,1200,300,0,18770,14650,3006,2049,0,0,1719,6774,524,150,2100,3120,0,250,14150,8944,1500,246,3868,25
Cambridge,28250,9050,18150,2450,1350,1114704,618100,119634,79927,644,10438,86091,296734,2375,1159,21800,348504,7900,117400,636550,685412,71200,3023,107087,220
Carleton Place,400,200,900,0,50,124266,104696,25585,11961,64,386,5719,43715,1403,994,3000,7020,0,12150,46700,91104,5800,360,5279,11
Carlow/Mayo Public Library,0,150,100,0,0,2904,2104,572,1246,0,0,163,1981,128,0,500,0,0,300,1750,520,200,6,151,0
Casselman,2050,100,250,100,0,18203,8195,0,0,0,0,0,0,0,0,150,208,0,7650,8650,0,100,3,299,0
Cavan Monaghan Public Library Board Township of,350,200,300,0,50,32316,30062,10688,5439,64,763,1515,18469,433,532,750,1404,600,500,23950,36400,5000,657,4202,18
Central Manitoulin Twp,900,0,4450,0,0,36848,28748,1006,529,0,6200,510,8245,145,0,4800,0,0,2400,5300,4420,2400,81,483,5
Centre Hastings,250,200,300,400,0,18166,15916,7475,1707,0,0,900,10082,263,537,1000,52,300,600,7150,6396,950,76,1643,3
Champlain Twp,1150,1050,300,350,0,42548,23630,5675,1534,0,785,665,8659,399,502,300,6968,0,10450,24050,6864,2050,297,3791,3
Chapleau Twp,100,0,100,50,150,5797,3597,1886,104,0,0,86,2076,153,197,550,0,0,1500,3150,0,550,9,78,15
Chatham-Kent,2500,19200,12650,1700,150,961268,678478,122444,75692,2005,11955,25633,237729,689,1354,29550,215540,0,63050,281050,4109352,103350,935,28937,524
Chippewas of Georgina Island FN,0,0,0,0,0,4370,3120,0,0,0,0,0,0,0,0,750,0,0,500,1300,0,300,0,0,0
Chippewas of Kettle & Stony Point FN,750,0,750,400,0,3184,84,0,0,0,0,0,0,0,0,1800,1144,0,150,3250,35048,0,58,129,0
Chippewas of Rama FN,350,0,800,0,0,9613,2413,21,0,0,0,0,21,0,0,4750,0,0,2100,12750,0,0,69,5862,22
Clarence-Rockland,2150,300,500,150,150,106681,96881,16728,0,0,0,2465,19193,735,813,5000,0,0,2500,97050,64792,4500,592,16401,11
Clarington Municipality of,650,150,850,200,100,2288024,892874,124515,63922,610,2874,44072,235993,1703,1767,1324900,0,117650,69400,299450,364728,13346150,1557,29536,25
Clearview Twp,3750,2050,1250,1050,400,469802,45902,5221,2810,0,0,3625,11656,384,111,3650,416000,0,3100,42450,32084,6800,4657,20528,12
Cobalt Twp,100,50,100,50,0,2078,1578,14,3,0,0,0,17,0,0,250,0,50,100,2600,0,900,16,397,2
Cobourg,5900,1550,1900,500,4600,252728,156550,28157,14169,0,785,8032,51143,553,603,5950,67028,0,22750,98700,306696,46700,711,22118,168
Cochrane Public Library Board,450,500,350,100,50,22925,21325,3067,1488,0,0,0,4555,353,379,650,52,500,400,19700,8944,2350,328,3925,52
Collingwood,11800,2550,4900,7850,8850,285223,181907,24860,10602,130,728,9912,46232,1484,1607,11650,60216,0,23450,144250,72696,215400,886,11623,12
Cornwall,7400,1550,2800,1200,100,246192,204242,21743,13711,7429,2968,1362,47213,1817,2676,4900,1976,150,28450,142650,86164,4050,543,4851,0
Cramahe Twp,1000,1000,750,450,300,71309,36895,4280,2329,77,322,1508,8516,329,266,1000,1664,1500,31300,15650,162344,18000,600,4632,26
Curve Lake FN,0,250,50,50,0,1050,1000,0,0,0,0,0,0,0,0,0,0,0,0,650,0,250,3,77,0
Deep River,3450,850,800,600,400,55700,45550,5961,3442,0,1195,2343,12941,892,545,1900,156,0,4200,43250,12168,13050,306,5472,108
Delaware FN,250,0,0,0,50,790,40,0,0,0,0,0,0,0,0,250,0,0,250,250,0,500,12,46,5
Deseronto,1450,1650,5600,600,500,618576,5926,718,718,0,0,0,1436,191,102,77500,75504,2500,533100,406050,133068,130200,275,2933,0
Dokis FN,0,0,0,0,0,801,1,0,0,0,0,0,0,0,0,800,0,0,0,2100,0,4800,0,0,0
Dorion Twp,0,0,0,0,0,3515,1415,265,150,0,0,160,575,23,0,350,104,0,1750,1450,520,350,9,252,2
Douro-Dummer Twp,750,1200,450,250,50,18626,8086,3677,2266,0,0,538,6481,238,222,600,8840,0,700,6750,5200,1750,219,1643,6
Dryden,100,150,550,0,250,38148,32148,7440,7498,16,13,2128,17095,979,349,4950,208,0,950,39850,2444,4200,398,10328,48
Dubreuilville Twp,50,0,100,50,0,445,145,0,0,0,0,0,0,0,0,100,0,0,100,150,0,0,0,0,0
Ear Falls Twp,200,100,50,50,400,4003,2403,509,797,0,0,150,1456,182,344,1200,0,0,150,4800,0,750,103,1027,0
East Ferris,500,600,500,200,50,15541,14041,3346,2326,0,0,2589,8261,456,157,600,0,0,200,7950,2600,200,348,1482,0
East Gwillimbury,2950,750,200,300,0,175771,154871,135776,12952,3918,1378,16356,170380,569,1008,12300,7228,100,5350,59250,113828,116800,841,11884,53
Edwardsburgh/Cardinal Twp,800,300,100,150,50,15279,13079,5373,1645,0,0,595,7613,200,3,500,416,50,750,14200,3016,50,208,571,10
Elgin County,5150,7000,5100,1150,450,258841,204191,40077,30391,258,3371,18439,92536,1547,1771,8450,3848,2800,39900,169300,174980,13400,1972,38426,342
Elizabethtown - Kitley,50,1100,0,0,50,19672,19422,3313,0,0,0,0,3313,19,0,150,0,0,50,5500,16952,100,88,368,0
Elliot Lake,1800,1050,600,1250,400,59123,36085,13102,8649,260,15,977,23003,143,652,1400,2288,0,17700,47650,3744,3250,115,1759,0
Emo Twp,50,50,200,0,0,6320,5570,2938,2711,0,0,247,5896,287,128,250,0,0,450,2750,0,300,0,0,8
Englehart,500,150,100,50,0,6474,5574,3703,0,0,0,0,3703,84,0,350,0,0,0,4200,2132,250,17,311,0
Espanola,750,450,1100,0,0,30374,24174,6435,2254,0,0,1928,10617,165,346,5200,0,0,250,32600,0,850,117,1297,59
Essa,3750,1800,1600,400,150,130003,82737,6909,3005,0,144,7973,18031,737,297,3000,5616,750,37500,93350,36400,154000,496,12418,0
Essex County,8800,13200,9150,1350,1300,579776,480176,116451,77846,72471,11808,38608,317184,948,956,20450,13572,3300,69000,351150,277940,69000,1722,47466,49
Fauquier-Strickland Twp,0,0,0,0,0,1483,1483,0,0,0,0,0,0,0,0,0,0,0,0,50,0,0,0,0,0
Fort Erie,4550,3700,3250,0,150,135421,103871,28022,14021,287,2027,7113,51470,303,627,12600,0,0,14400,96350,39104,0,566,8268,36
Fort Frances,1300,700,1000,100,100,58136,48886,9738,5691,0,0,1418,16847,277,720,5000,728,3150,2850,54300,18200,6000,268,4200,96
French River,1300,1450,6800,1600,700,26059,14143,2698,650,0,0,186,3534,167,5,900,8216,0,800,4600,65884,2350,22,2221,0
Front of Yonge Twp,100,300,50,0,0,8982,7932,1981,1450,0,0,427,3858,287,0,150,104,0,800,2200,104,300,117,1010,4
Gananoque,300,350,600,150,50,19828,14828,13613,3458,0,0,2007,19078,713,340,1600,260,100,2950,15950,17212,1300,283,2457,180
Garden River FN,450,100,300,150,200,2564,964,0,0,0,0,0,0,0,0,1000,0,200,0,2000,260,1000,119,243,0
Georgian Bay Twp,700,200,150,50,50,14721,12421,4342,2008,0,0,1986,8336,235,110,400,0,0,1150,10800,52052,1400,259,3063,0
Georgina,2000,1350,3100,450,600,213301,166851,29854,20378,4722,4975,15454,75383,761,899,6250,572,0,37750,172800,113568,16950,475,12005,0
Gogama LSB,0,0,0,0,0,1186,886,0,0,0,0,0,0,0,0,100,0,0,200,1750,0,350,0,0,0
Gore Bay Union,50,300,300,50,0,24972,4472,2774,1447,0,0,298,4519,170,0,400,52,50,20000,2500,0,300,1,56,0
Grand Valley Library Board,0,700,200,0,100,91741,34291,5364,2483,4191,0,897,12935,1152,702,3850,468,0,53600,33700,31200,17000,413,3756,59
Gravenhurst Public Library,4450,2100,2100,350,350,110706,59870,17958,10472,29,419,3413,32291,1268,2357,3100,39936,0,6100,52300,41964,8100,510,9030,51
Greater Madawaska Twp,900,400,50,100,0,19283,11883,2555,660,0,0,780,3995,231,231,150,0,0,6250,10150,3276,1250,201,3695,0
Greater Sudbury,15850,12850,15750,700,1550,664229,483269,102767,51887,2637,8417,11056,176764,3535,2730,40200,79560,1750,84850,447300,294580,69350,1513,16388,806
Greenstone,1000,300,50,0,150,25656,14506,2680,854,0,0,680,4214,154,410,4150,416,0,6000,18700,104,13800,116,2732,42
Grey Highlands,800,350,450,50,0,37656,35058,9567,4052,1533,0,2600,17752,255,779,700,1248,0,500,28500,15860,1300,243,3391,0
Grimsby,400,700,1950,100,50,179519,152079,27017,10011,177,1486,3743,42434,328,588,10450,16640,400,10300,113350,85280,13000,672,10555,64
Guelph,95500,7050,700,1700,1800,2333833,1885099,228045,132089,68672,29628,11984,470418,1895,3101,22550,347984,4150,3550,809650,549172,65200,1294,25954,111
Haldimand County,3600,7200,2700,2900,200,253420,207370,43374,11484,4775,0,22859,82492,2444,2605,22350,1404,0,17200,135550,129012,19150,1356,17557,36
Haliburton County,10100,1900,2550,1400,100,454102,75844,36435,13983,0,2575,6064,59057,347,475,14250,320008,300,46750,33000,109200,6200,670,10031,0
Halton Hills,21300,9950,6350,2350,450,472715,358763,51580,34021,31819,6460,11218,135098,3145,1429,3300,41652,4850,48650,218500,542100,79950,1441,23198,1254
Hamilton,67500,19850,37050,3050,10300,4243787,3285337,864778,539031,2962,83785,569946,2060502,1141,2472,427050,244400,3750,460850,2662150,4634136,1755650,8492,153983,0
Hanover,2250,750,1700,150,2950,63105,44855,6701,3766,0,73,2823,13363,0,0,5950,1768,0,9900,48900,46228,5550,251,3417,9
Hastings Highlands Twp,6000,3250,2400,2250,150,42280,16130,4628,7652,0,662,858,13800,281,0,8650,0,750,9250,11750,3432,10000,31,3993,2
Havelock-Belmont-Methuen Twp,150,500,300,50,50,11402,9652,3034,669,0,0,373,4076,270,0,1050,104,0,500,7200,8840,500,6,448,0
Hawkesbury,9650,3900,2850,1100,0,38583,23583,4361,0,0,0,1373,5734,488,763,1100,0,0,3150,34650,6760,1050,158,2359,6
Head Clara & Maria,0,0,0,0,0,280,230,163,153,0,0,2,318,0,0,50,0,0,0,150,0,150,0,0,0
Hearst Twp,1050,250,300,0,100,20792,18492,358,176,0,0,32,566,291,141,550,260,0,700,26250,152516,850,54,775,0
Henvey Inlet FN,0,0,0,0,0,101,1,0,0,0,0,0,0,0,0,100,0,0,0,1200,0,0,0,0,0
Hilton Union,300,1200,0,0,0,3446,2296,435,479,0,0,14,928,7,0,600,0,0,250,2200,0,600,3,12,0
Hornepayne Twp,350,250,50,200,50,31168,2368,1307,300,0,0,191,1798,242,238,400,52,100,27850,3100,156,4350,138,1294,0
Huntsville,2600,1700,900,250,50,248403,120585,24625,13512,0,3837,45768,87742,1211,846,6700,107068,0,17900,87050,49452,69850,399,9325,128
Huron County,5900,5400,3500,1400,19900,358363,279139,52374,32689,1819,8110,41,95033,1480,1459,11950,27924,0,44000,157550,74932,15200,1618,16048,269
Huron Shores,350,400,0,700,250,4599,1799,0,0,0,0,0,0,132,85,450,0,850,1300,1950,572,600,11,977,25
Ignace,50,500,700,0,0,6074,5524,1039,287,0,0,69,1395,135,207,50,0,1600,450,4050,1872,950,30,430,9
Innisfil,26600,2250,4650,1850,50,584852,187702,34217,19940,0,2935,23016,80108,389,496,10350,7384,3850,358350,119450,347984,69650,1723,29477,246
Iroquois Falls,2050,0,0,0,0,40266,32616,1574,2131,0,0,171,3876,196,309,1300,0,0,4300,8200,0,0,624,1294,10
Iskatewizaagegan No. 39 FN,0,0,0,0,0,530,30,0,0,0,0,0,0,0,0,500,0,0,0,400,0,100,3,16,0
James Twp,0,1150,1350,0,0,5062,1562,300,25,8,2,0,335,26,0,750,0,0,2750,98850,0,2250,73,1082,0
Kapuskasing,1150,2700,1350,800,2150,22682,12282,4259,2535,0,0,829,7623,65,43,1250,0,3700,7200,12050,41600,0,14,806,0
Kawartha Lakes City of,16400,5900,6900,1600,250,384402,311344,69905,0,14413,4838,0,89156,1668,1600,25000,35308,0,19750,220950,337584,25000,4766,44469,43
Kearney & Area,30000,0,0,0,0,33746,3496,684,0,0,977,31,1692,70,0,250,0,0,0,2000,0,1500,52,420,0
Kenora City,3500,500,150,600,400,94981,53325,17551,8740,0,6503,6165,38959,738,733,4400,13156,3700,24400,47000,91780,53750,204,7979,34
Killaloe Hagarty & Richards Twp,1150,0,350,350,0,17723,14973,5316,1880,0,0,557,7753,198,223,1050,156,0,200,11800,44772,250,76,601,0
King Twp,6350,6650,4850,50,350,103689,78801,13295,9952,367,1522,13587,38723,766,470,3500,7488,3300,11000,99250,95628,26200,973,9346,0
Kingston-Frontenac County,147400,3250,9800,7050,1800,1303499,995113,163290,87976,598,16675,79056,347595,3066,1186,26250,68536,250,85400,580050,1056276,435550,1304,24496,464
Kirkland Lake,1550,450,150,200,100,39892,30892,3296,1617,0,0,1189,6102,443,662,1700,364,550,5550,19800,468,3300,177,4141,14
Kitchener,12500,2400,11250,300,250,1586750,1288030,236839,184056,129977,23023,219470,793365,207,477,76600,88920,15400,197000,1196300,2218216,351650,3800,65868,345
La Nation,2250,3100,200,0,0,49747,44547,3754,1173,0,0,995,5922,288,346,250,0,0,2700,23650,12532,0,49,340,12
Lake of Bays Twp,500,450,500,150,50,54027,51177,5767,5288,11,636,3900,15602,425,207,1300,104,50,900,19850,10608,13700,588,8167,0
Lambton County,12550,18950,8600,850,4100,570327,468043,181724,81423,69307,5304,178543,516301,1700,1258,23250,26884,1550,62000,271050,435240,52700,7199,50966,168
Lanark Highlands,350,250,500,750,100,21423,18973,2601,1994,0,0,1240,5835,552,503,800,0,0,550,9500,3952,2500,497,4790,16
Larder Lake Public Library,0,0,200,0,50,2310,2060,393,103,0,0,0,496,0,0,100,52,0,150,850,2184,100,46,583,0
Laurentian Hills,150,450,150,50,0,12082,7282,1221,0,0,0,0,1221,111,439,250,104,0,4350,1800,676,1150,29,169,2
Leeds and the Thousand Islands Twp,550,2150,1150,550,200,35747,26097,5995,5115,5,298,1427,12840,759,508,1500,416,200,7050,18300,8788,19950,509,4262,10
Lennox and Addington County,4500,8350,4400,50,2600,171672,148322,43567,71249,261,2321,6888,124286,1235,1141,4350,0,0,14450,96850,19552,0,979,19459,145
Lincoln Pelham Union Public Library,3550,3950,3200,350,200,322856,295106,42986,21814,264,4883,11202,81149,552,505,16600,7800,400,7250,149750,64012,255400,1158,23854,90
London,114200,26850,68450,4900,1900,2918618,2448818,578191,409901,3001,41425,565638,1598156,2371,1435,193950,0,3100,156750,1639350,1519180,394300,8387,130138,5014
Loring Port Loring and District Local Services Board,0,0,0,0,0,1883,1363,498,331,0,0,0,829,0,0,200,520,0,0,1000,520,0,6,216,7
M'Chigeeng FN,500,100,0,0,0,5732,3432,0,0,0,0,0,0,0,1,50,0,0,1750,7500,0,0,11,4415,3
Madawaska Valley Twp,1450,600,300,0,150,17365,14515,3010,1378,0,877,1336,6601,704,331,1100,468,0,300,13350,0,150,160,2839,1
Magnetawan Twp,1400,2750,1300,1150,300,13953,6953,0,0,0,0,0,0,321,214,1100,0,0,3350,6300,5720,7350,228,1504,0
Manitouwadge,550,200,0,350,0,16559,12609,770,310,0,0,138,1218,192,172,700,0,50,2350,7700,0,400,261,3308,0
Marathon,500,500,350,200,0,11184,4784,1572,1951,7,261,546,4337,121,245,2100,0,350,3600,6400,8580,2000,206,2268,23
Markham,51950,9950,15100,450,6950,3715665,3091765,600442,265285,3725,24212,289369,1183033,67,354,85500,83720,2400,486000,2519550,4454060,2412900,3253,69488,0
Markstay-Warren,300,1200,800,0,1600,12649,6449,786,480,0,0,306,1572,0,0,1700,1456,1650,4200,20650,0,35200,287,12494,24
Marmora and Lake Twp,100,500,250,100,50,12699,10899,3378,24,0,0,0,3402,1358,0,1450,208,0,150,12000,1300,2400,311,1848,12
Mattagami FN,0,0,0,0,0,50,50,0,0,0,0,0,0,0,0,0,0,0,0,350,0,0,61,658,0
Mattawa,50000,5000,5000,50000,1250,116527,2777,0,0,0,0,0,0,0,0,1250,520,0,12500,5000,2600,5000,1,10,0
Mattice-Val Cote Twp,0,450,1000,0,0,3518,3268,152,8,0,77,0,237,53,0,150,104,200,100,1650,52,200,31,293,0
McGarry Twp,1000,0,500,0,0,2485,1235,0,0,0,0,151,151,2,0,250,0,0,0,1000,0,1000,1,15,0
McKellar Twp,200,100,50,100,0,3250,2650,1387,879,0,0,281,2547,91,154,200,0,0,100,3000,1040,300,77,1568,0
Meaford,3950,2250,7350,2500,650,105494,75022,12891,7656,28,305,4629,25509,995,1350,10900,20072,2900,3950,75350,16952,7400,611,10279,15
Merrickville-Wolford,150,150,200,0,0,25704,22004,4114,3629,0,2236,3024,13003,691,578,1050,52,0,2500,15300,5512,1650,345,3640,0
Middlesex County Library,13450,7350,6550,1450,0,312635,228235,60748,36664,1127,4105,60396,163040,2467,1257,42800,28600,700,26700,192050,99840,35800,3513,47688,0
Midland,0,0,1350,0,0,827071,119975,16026,5277,0,0,0,21303,625,367,267450,707096,32450,0,52200,213148,9715500,521,7410,25
Milton,48650,9400,10250,2200,3250,995003,755603,45514,39365,1382,5881,14164,106306,1056,0,28600,0,0,159950,720900,497692,377850,1323,37386,0
Mississauga,91050,20350,79150,14250,2800,5028773,4151523,2242891,383596,298664,76899,473942,3475992,1800,1636,203550,186056,3300,568400,3082600,4536116,1605800,5456,121083,65
Mississauga FN,0,0,0,0,0,1476,26,0,0,0,0,0,0,3,0,700,208,0,750,2850,0,2100,9,67,0
Mississippi Mills,1500,1300,800,200,100,111196,101446,16754,12324,0,6176,5053,40307,1438,1060,3250,1456,100,4800,59050,248092,16000,1099,7703,250
Mohawks of the Bay of Quinte FN,1200,500,250,1000,50,6965,3015,227,259,0,0,40,526,6,1,500,52,0,1250,1250,1040,1250,39,424,0
Moonbeam Twp,0,200,750,0,0,10265,9665,578,10,0,0,0,588,34,35,600,0,0,0,4400,520,400,5,345,100
Muskoka Lakes Twp,4300,1200,550,450,150,39770,23672,2734,1674,0,193,1651,6252,213,59,950,2548,300,8800,24700,6344,2800,269,4076,0
New Tecumseth,6800,2550,1800,2400,550,363974,197428,7579,3303,0,0,20297,31179,1740,1565,11750,132496,2200,24850,147100,48256,328450,690,21941,22
Newmarket,4650,400,9500,2250,50,554225,457317,73072,46536,33525,7629,18388,179150,1130,2143,42200,45708,2700,44300,155350,177788,38350,803,9288,145
Niagara Falls,10150,5650,6200,150,350,421521,324071,58859,25160,206,5665,1194,91084,784,1139,45400,8060,950,41750,190900,308776,18150,2078,38628,844
Niagara-on-the-Lake,2700,600,2550,300,100,86639,65017,4924,821,38,1293,4693,11769,107,117,2950,16172,300,2450,33250,68016,3050,503,4777,35
Nipigon Twp,150,700,300,100,0,9765,6287,1426,561,20,3,807,2817,239,254,400,728,50,2500,5600,0,350,103,771,64
Nipissing FN,0,0,100,0,400,7974,324,0,0,0,0,0,0,0,0,6900,676,0,750,6200,520,12200,52,407,0
Norfolk County,20050,5550,6850,2100,550,372532,145294,31211,15527,15783,6779,768,70068,705,525,8500,149188,450,55900,176750,87828,197600,1188,16948,2
North Bay,14050,3150,600,150,300,277349,182701,34270,15002,0,0,7950,57222,544,2342,4550,68848,0,11600,195700,35620,6600,202,10229,75
North Grenville Public Library,2200,650,950,300,100,84315,63265,17840,9772,0,0,4151,31763,1721,1135,15550,260,0,3000,64500,40664,25400,397,5780,0
North Kawartha Twp,350,850,1150,250,150,16336,14686,3918,2246,0,0,2106,8270,114,178,650,572,0,400,11300,3484,2050,58,2443,0
North Perth,2950,850,200,50,0,205511,109905,19550,13734,0,0,3858,37142,383,476,3150,82056,0,10550,57450,8164,5500,318,6445,10
Northeastern Manitoulin and the Islands,150,300,300,50,0,12214,10014,2381,1688,0,0,629,4698,118,149,1450,468,150,550,12850,10296,450,219,1367,10
Oakville,14250,6550,19150,3450,400,1706505,1451271,121593,117428,12138,34129,12114,297402,2016,2013,45400,55484,3600,182050,866550,818220,164000,3015,49816,0
Ojibways of Onigaming FN,0,0,0,0,2500,800,800,37,820,0,0,0,857,0,0,0,0,0,0,10000,0,0,40,830,0
Oliver Paipoonge,1750,3000,300,750,50,28110,24110,5166,2606,0,0,0,7772,457,485,500,0,0,1000,14050,0,1100,30,4496,40
Opasatika,0,50,150,0,300,1201,351,0,0,0,0,0,0,0,0,350,0,0,500,400,0,200,0,0,1
Orangeville,4550,2150,700,400,950,171350,140000,33589,25636,238,2443,22744,84650,1654,1718,3950,1300,0,22450,93350,114452,37500,435,10213,344
Orillia,32850,5300,1700,11300,350,422852,317718,46497,31823,433,2477,14604,95834,1359,1210,9100,38584,11000,22400,171000,202124,20000,2235,28777,182
Oshawa,10250,3750,8300,1250,2250,948900,760100,110910,54331,57560,9295,14382,246478,1541,3042,58500,48100,19800,118800,473050,742768,264850,1641,35567,1036
Otonabee-South Monaghan Twp,450,500,150,200,0,25193,23213,3958,2061,0,100,778,6897,454,825,150,780,0,550,11350,18200,2000,24,1870,25
Ottawa,127450,78100,154500,28250,10350,8858403,8131201,2517496,681137,6801,46993,212234,3464661,4271,4452,266800,478452,0,93050,3365950,5169008,297200,8073,180948,6422
Owen Sound & North Grey Union,3600,2200,5050,300,150,223211,188497,48570,19633,0,0,63678,131881,1475,1546,6100,6864,50,23950,165950,204568,49800,441,12903,277
Oxford County,7300,4700,3550,1800,0,467411,435361,81322,49903,21607,8939,40590,202361,1943,1307,15050,2184,150,7900,227350,215176,19000,4164,49174,437
Parry Sound,2100,1550,550,100,200,48810,42810,8040,6463,0,0,3541,18044,867,909,2050,572,0,1750,23100,15184,9750,304,4023,20
Pembroke,23000,700,1450,400,9600,113995,78495,13114,6890,15,233,5378,25630,1256,1018,3300,1144,750,8800,97500,59228,2800,781,15789,821
Penetanguishene,22050,5100,154400,8500,50,124202,80114,5648,2176,0,8664,116697,133185,121,106,1550,12688,0,850,11950,22152,61600,225,5443,0
Perry Twp,50,100,50,0,0,6067,5367,814,447,0,0,70,1331,272,41,400,52,0,250,4400,1976,100,59,1100,5
Perth and District Union,4700,4600,14100,100,50,122193,100793,26710,15183,0,4271,7258,53422,1455,1222,4600,468,0,12000,77100,33696,4550,442,4961,252
Perth East,600,1250,500,0,0,48974,42624,4895,3852,0,0,934,9681,156,187,3750,0,0,2000,16250,8736,400,384,3986,12
Petawawa,450,800,400,150,50,109098,92664,8640,5774,0,995,2246,17655,1008,1163,3200,6084,0,9750,94500,41392,7550,549,9883,21
Peterborough,8450,6200,9650,1400,1750,401543,321793,96461,61757,452,6177,105522,270369,269,564,33750,10556,0,36150,217750,104000,24200,847,17597,657
Phelps,100,550,50,0,150,3128,2278,0,0,0,0,0,0,0,0,200,0,0,550,1000,52,1550,0,0,0
Pickering,5100,1800,7800,300,0,688463,555163,68864,45113,634,17682,19400,151693,249,538,61600,55172,750,66300,400800,762268,0,1040,25334,62
Port Colborne,3700,850,2200,3900,7950,106871,72921,11359,6354,13,410,3232,21368,121,207,3250,1196,0,23100,42100,25220,6850,518,9280,8
Port Hope,2800,2300,2150,100,0,133809,103959,15129,9986,57,476,6413,32061,490,335,3850,1560,0,23100,55150,0,8800,345,4083,0
Powassan & District Union Public Library,300,500,950,100,900,54873,19923,6454,4451,0,0,1437,12342,746,281,3000,208,100,31550,30750,6812,6750,1063,6311,24
Prescott,750,100,5000,750,1000,19555,12905,2655,3920,194,0,475,7244,460,535,1600,1040,0,3550,11900,2808,2500,169,4132,26
Prince Edward County,1950,4900,3800,450,3050,132223,116623,29350,13804,161,14052,7140,64507,3645,2606,5600,2392,0,7600,85550,69264,17400,1023,11797,907
Prince Twp Public Library,100,0,0,0,0,2801,1201,584,372,0,11,0,967,48,0,250,104,0,1250,2650,572,0,44,230,30
Quinte West,1050,700,3000,500,5500,161249,132549,33685,18729,124,2494,4128,59160,1307,1303,10600,8788,2700,16550,145650,49400,12250,715,13375,384
Rainy River,0,0,0,0,0,1011,1011,942,799,0,0,181,1922,0,0,0,0,0,0,50,0,0,0,0,0
Ramara Twp,750,350,50,0,0,28871,27421,4421,2078,0,0,77799,84298,1598,421,700,0,0,0,18200,780,0,62,3712,0
Red Lake,500,200,50,200,0,12417,10697,1950,2116,0,0,0,4066,78,4,500,520,0,500,9600,0,650,47,2199,0
Red Rock Twp,50,50,100,50,50,7320,3966,1530,617,0,0,211,2358,63,0,100,2704,0,550,2700,1404,600,31,941,4
Renfrew,5500,1250,1250,2500,2850,79386,46236,9832,5021,42,931,1478,17304,1540,744,7550,3796,200,17600,42550,21996,4050,462,6220,73
Richmond Hill,11300,1300,6350,2550,8400,1725906,1222884,178462,55186,73315,7110,131172,445245,383,1273,48450,286572,2550,202600,653750,812500,301950,1033,21625,471
Rideau Lakes Public Library,200,1300,350,0,100,66758,45858,12218,7024,87,533,3094,22956,678,612,800,260,200,19900,18400,12844,2550,822,10763,12
Russell,850,550,400,50,100,170254,118296,36949,1377,124,217,69,38736,1383,810,500,35308,0,15750,23000,91260,2900,1148,9296,33
Sables-Spanish Rivers Twp,200,400,350,100,100,12568,9418,697,199,0,0,138,1034,229,98,1500,1300,1750,1350,398500,77220,1050,43,1662,4
Sachigo Lake FN,0,0,0,0,0,3950,2750,0,0,0,0,0,0,0,0,600,0,400,600,3500,0,0,34,191,0
Sagamok Anishnawbek FN,0,0,0,0,0,1515,15,0,0,0,0,0,0,0,0,250,156,0,1250,750,468,250,0,0,0
Saugeen FN,50,0,150,0,0,3010,760,0,0,0,0,0,0,2,1,1400,52,150,800,3350,0,900,27,298,0
Sault Ste. Marie,13250,2000,10750,250,0,294544,238204,58199,29975,184,824,13664,102846,1396,921,10450,12740,0,30100,162800,116636,39700,716,30477,108
Schreiber Twp,150,150,100,400,0,64455,7401,231,288,3,64,0,586,215,104,900,56004,350,500,4150,2444,5950,236,4399,0
Scugog Memorial,3450,1250,900,350,0,103352,70248,27916,12750,0,0,8308,48974,1024,804,5050,19604,2250,9700,108200,21320,25850,659,9792,0
Seguin Twp,450,450,750,0,0,13876,10376,5504,2361,0,0,0,7865,535,505,3050,0,0,0,23550,0,7300,159,1081,0
Seine River FN,0,0,0,0,0,757,57,0,0,0,0,0,0,0,0,600,0,0,100,600,0,0,5,70,0
Selwyn,3200,2700,1950,0,200,109143,89621,27922,9922,48,630,133,38655,606,746,2600,7072,2100,9250,41400,57200,13800,574,5925,0
Serpent River FN,0,0,0,0,0,610,10,0,0,0,0,0,0,0,0,500,0,0,100,2600,0,1000,21,19,0
Severn Township Library,1300,450,100,600,0,48170,43620,6886,1727,0,0,2031,10644,93,0,500,52,0,2150,8250,1248,300,48,872,0
Shelburne,4100,1350,2500,250,3100,76340,43238,8969,6925,53,381,5227,21555,1247,1099,2500,13052,0,15700,15550,6344,1900,292,5399,70
Sheshegwaning FN,0,0,0,0,0,7702,252,0,0,0,0,0,0,0,0,5150,0,0,2300,5150,0,5150,76,103,0
Sioux Lookout,750,250,200,150,0,36845,17995,3664,2767,0,0,704,7135,0,0,3450,624,0,14500,37600,225732,4700,238,3173,0
Sioux Narrows Nestor Falls Twp,0,0,0,0,0,2868,2868,0,0,0,0,0,0,0,0,0,0,0,0,950,0,0,0,0,0
Six Nations FN,1000,450,900,4000,150,60361,2067,0,0,0,0,0,0,0,0,2000,47944,0,5350,7500,0,15000,1343,6337,0
Smiths Falls,2100,1850,350,900,0,56754,43804,8870,6255,161,1119,1233,17638,890,382,2600,0,0,7350,27250,21528,3300,279,2321,12
South Algonquin Twp,200,250,250,50,0,7477,5727,1500,198,0,0,388,2086,62,0,750,0,0,750,2100,0,1500,30,685,0
South River-Machar Union,100,0,400,50,0,9592,7242,4603,1369,0,0,1003,6975,317,236,650,208,0,1550,6100,2912,1500,93,809,3
Southgate Twp.,150,200,400,50,0,29527,19693,1804,1666,0,0,1632,5102,203,419,1350,7384,50,2250,17600,0,1500,378,6056,0
Spanish Twp,0,0,0,0,0,1874,1424,723,194,3,45,165,1130,5,83,200,0,0,250,1050,0,250,19,189,0
Springwater Twp,1900,2450,800,500,150,111699,85341,11105,4546,0,0,136148,151799,866,570,1900,2808,150,21150,50100,32812,64300,850,13500,0
St. Catharines,42400,3850,17850,2450,500,2465973,827469,119510,63350,1916,21257,10923,216956,1255,1142,40500,1530204,100,63450,380350,1876472,28450,1078,26823,380
St. Charles,2350,0,100,650,0,12019,7819,744,0,0,0,0,744,722,0,1050,0,0,150,4150,0,900,2,27,12
St. Joseph Twp,750,1750,750,1000,250,12350,7350,2427,1542,0,0,111,4080,143,0,1000,0,400,2250,2500,1144,2000,2,20,0
St. Marys Public Library,900,900,250,250,550,93766,82902,15245,9104,38,351,3282,28020,376,287,1850,4264,150,5450,50,88400,2500,320,6202,164
St. Thomas,20700,1500,5400,0,400,250054,184030,39928,25192,0,1029,2882,69031,1160,1285,14850,30524,550,14800,146650,75504,0,559,12760,55
Stirling-Rawdon,150,350,550,0,0,23878,18178,3698,2372,0,0,1084,7154,739,572,1850,0,1900,3700,15400,24804,200,187,4025,78
Stormont Dundas & Glengarry County,2800,4400,2500,200,0,325596,212662,92877,37150,0,4618,70481,205126,1454,1775,12650,78884,2850,31050,107850,78000,11450,884,12495,213
Stratford,22200,4650,6050,2500,300,512262,302916,50540,34009,3749,51884,18152,158334,1101,733,17650,149396,2400,35250,167550,184236,10300,964,25463,495
Sundridge-Strong Union,900,750,350,50,0,27158,13214,1951,1023,0,0,1055,4029,566,190,750,12844,500,150,7850,0,3500,70,879,0
Tay Twp,4700,1600,700,850,250,45364,34964,4880,1731,0,0,2900,9511,377,519,1400,780,0,3450,19900,10088,19450,290,10187,12
Tehkummah Twp,0,100,50,0,0,1873,1823,0,0,0,501,0,501,158,0,50,0,0,0,1550,0,50,2,200,4
Temagami,0,0,0,0,0,2252,1952,321,81,0,0,39,441,95,103,300,0,250,0,2100,1456,700,13,250,0
Temagami FN,600,0,250,100,0,1376,76,0,0,0,0,0,0,0,0,500,0,0,100,750,1300,400,7,83,0
Temiskaming Shores,5550,1300,1300,200,750,52344,39844,7777,5194,0,0,2349,15320,378,219,2450,676,700,4300,31300,19032,38000,185,2264,0
Terrace Bay Twp,200,300,250,0,0,56968,16118,1441,128,1,20,9,1599,205,155,750,0,0,39900,9900,780,0,64,852,8
Thessalon,0,350,350,0,0,5552,4902,0,17,0,172,0,189,270,0,650,0,0,0,2150,1976,2150,41,670,0
Thessalon FN,0,0,0,0,0,394,44,0,0,0,0,0,0,0,0,150,0,0,200,300,11960,300,60,292,0
Thorold,2000,100,4350,800,0,116590,65200,27242,7279,0,0,3922,38443,0,0,4500,41340,2000,7250,56350,360048,0,823,17231,0
Thunder Bay,32350,13450,10400,9850,0,605866,301820,41639,8416,17193,6603,13636,87487,1542,2000,0,106496,0,155350,248950,959712,99950,2146,39087,668
Timmins,2150,1000,2750,1450,50,120712,92212,20892,8877,124,878,8000,38771,820,1557,6400,260,0,18500,113900,23504,15850,586,17745,234
Toronto,638000,153800,691650,14850,9950,18445229,12679379,6663768,3300114,30000,955894,1363744,12313520,957,4572,1860300,1437800,20050,3252700,12507800,34852792,6082850,34487,741298,5383
Trent Hills,5650,2750,1550,1050,700,66447,53147,9480,5477,0,3814,1802,20573,661,1806,5400,1352,350,1200,43750,52416,7600,778,11229,12
Trent Lakes,150,200,300,100,50,13035,12385,5474,2419,0,0,1155,9048,27,3,250,0,0,150,5300,0,0,160,3032,0
Tudor & Cashel Twp,0,100,250,0,50,900,750,0,0,0,0,0,0,0,0,150,0,0,0,1250,0,1500,2,110,0
Tweed,500,400,950,1100,0,23924,18574,3370,2264,0,0,2540,8174,258,340,3000,0,0,750,13050,6084,3000,396,2451,12
Tyendinaga Twp,0,0,0,0,0,16346,10546,1894,958,0,0,563,3415,140,0,4200,0,0,1600,8000,364,250,13,3103,0
Uxbridge Twp,4550,2900,2800,350,850,201854,148204,14283,10515,0,0,0,24798,698,459,5950,2756,600,42800,103400,98540,21950,364,5410,25
Val Rita-Harty Twp,100,400,0,0,0,2966,2616,0,0,0,0,0,0,0,0,50,0,0,200,2000,1404,450,0,0,0
Vaughan,136300,41300,91250,26550,2400,3665134,2474768,163938,127462,5714,32697,46178,375989,101,902,166550,695916,8250,331600,1639550,3345628,599950,3323,95459,72
Wahta Mohawk FN,100,50,150,200,0,740,90,0,0,0,0,0,0,0,0,200,0,0,150,350,0,500,0,0,0
Wainfleet Twp,8500,1850,150,100,0,68067,50567,4184,0,0,0,1437,5621,81,77,950,884,500,7950,21000,12064,4150,304,4487,0
Wasaga Beach,850,2000,1250,1050,550,82060,71810,14894,5694,0,0,155595,176183,901,646,3350,0,0,5000,46600,19500,139750,866,11284,118
Wasauksing FN,0,0,0,0,0,1,1,0,0,0,0,0,0,0,0,0,0,0,0,100,0,0,0,0,0
Waterloo City,28400,14500,11350,400,22950,1598467,1249595,191988,119366,0,18396,79841,409591,406,813,35200,191672,1050,128400,703200,801008,164800,1110,37877,83
Waterloo Region,2500,5300,2600,250,300,559569,272605,62211,40580,6833,1691,40770,152085,1536,1587,2800,6864,3250,277350,107800,259948,50750,1107,18526,0
Wawa,650,1050,200,350,0,13834,6484,1050,997,0,0,497,2544,187,176,1800,468,0,4550,8850,884,1950,427,2826,0
Welland,47950,3650,6900,3550,0,306019,203189,67942,27342,26758,3919,449543,575504,604,528,18950,21580,250,29750,161550,290056,10200,1637,33777,40
Wellington County,6100,7150,6350,750,1050,1050655,962289,144731,89673,0,6518,21390,262312,1848,3807,32300,32916,1450,48600,484550,1650792,58900,2810,35612,74
West Grey Twp,15850,550,1650,0,0,127298,42934,7322,6960,0,1065,0,15347,723,86,1200,2964,0,65550,20750,23504,1050,648,7148,36
West Lincoln Twp,2300,400,650,200,900,75000,56000,10408,5436,0,0,1880,17724,100,427,5200,1352,50,11300,32350,12428,8650,695,6721,0
West Nipissing,1450,1950,1250,0,850,259378,38328,6185,1600,0,0,2929,10714,542,366,3600,676,0,216000,36000,12792,1000,160,2611,12
West Perth,5400,4000,1250,1000,750,76406,53796,8729,4982,0,0,1646,15357,13502,8883,8650,11960,750,4250,21250,18512,6000,346,5890,10
Westport,50,100,50,0,0,5495,5245,1148,506,0,0,263,1917,311,399,100,0,0,100,2550,52,250,56,456,0
Whitby,1400,750,1150,50,19150,1260241,836371,195776,113913,3669,30893,134248,478499,686,542,45050,332020,2100,90400,493850,444080,253800,1677,29733,238
Whitchurch-Stouffville,3800,300,2000,150,0,362163,295889,49592,20968,100,591,403821,475072,0,0,8350,13624,69000,48700,258000,266448,75450,1669,33273,0
White River Twp,100,0,0,0,750,5051,4601,320,51,0,0,47,418,34,125,350,0,400,0,5850,0,750,65,955,15
Whitefish River FN,150,0,100,200,50,1756,56,0,0,10,20,0,30,0,0,250,0,0,1100,600,0,550,17,84,2
Whitestone-Hagerman Memorial,850,750,1000,0,300,39491,12093,2702,666,0,0,758,4126,141,72,1350,19448,650,7100,10050,18512,12600,334,2899,7
Whitewater Region,250,200,100,50,0,14322,12622,3896,1481,0,0,0,5377,278,445,400,0,0,1000,4650,0,300,27,192,0
Windsor,57200,8100,27400,11000,900,971260,630586,173576,87559,39841,34156,135255,470387,1212,3318,81100,94224,2300,178250,554300,776412,107200,3249,425627,546
Wollaston,100,0,250,0,0,8131,5781,1412,0,0,0,0,1412,90,0,2250,884,0,0,3000,780,500,18,180,0
Woodstock,10150,5000,6050,150,250,300353,254841,22974,15329,18542,1599,2461,60905,395,1389,14900,27612,250,7600,140900,917020,25950,1058,29823,0
Total : ,2760000,888600,2031750,336550,259000,103927880,74940588,20515908,9491808,1154909,1958028,7828361,40949014,184616,180337,6912200,11330176,441150,11931550,54391800,96030480,44336850,239526,4574268,42088
,,,,,,,,,,,,,,,,,,,,,,,,,
,,,,,,,,,,,,,,,,,,,,,,,,,
,,,,,,,,,,,,,,,,,,,,,,,,,
,,,,,,,,,,,,,,,,,,,,,,,,,
,,,,,,,,,,,,,,,,,,,,,,,,,
,,,,,,,,,,,,,,,,,,,,,,,,,
Ontario Public Libraries,,,,,,,,1,,,,,,,,,,,,,,,,,
2023 Statistics,,,,,,,,,,,,,,,,,,,,,,,,,
